"x_acf1","x_acf10","diff1_acf1","diff1_acf10","diff2_acf1","diff2_acf10","entropy","lumpiness","flat_spots","crossing_points","max_kl_shift","time_kl_shift","mean","var","max_level_shift","time_level_shift","max_var_shift","time_var_shift"
0.999984287598008,9.99009505745212,0.940123661545758,8.85000577647536,-0.638220141707797,0.434952346916041,0.220097656294722,6.32518889244698e-08,1571,176,10.8609287052133,48,1.48677812089589,278925.820258584,0.126482984014886,13021,0.000993533771686356,13056
0.999951434798194,9.9893848172416,0.910075468751698,8.47705348231753,-0.649121391777357,0.447248350375077,0.304216482071477,3.63412470378713e-08,2038,404,2.42618796796471,79624,0.780850704089273,287983.443621658,0.152988714987436,79622,0.00232146833177936,79632
0.999986169916455,9.9936615910213,0.937273782275261,8.82522233541071,-0.633676097430826,0.422356211437265,0.266955470529889,2.48671963383038e-08,3677,307,5.34437832803524,48,-3.25497559143823,454664.9326639,0.114935971975443,1547,0.00121368986824885,1557
0.999993609352891,9.99539305264496,0.925826363311199,8.69350709934607,-0.63893181607148,0.429340687393447,0.287420867464877,2.47529586104533e-08,4655,288,4.30795539168515,48,-3.13124567333143,483299.545513581,0.156646135930351,59137,0.0020709493691439,59156
0.999978438175725,9.99482718190961,0.936952351749739,8.8651002382045,-0.639434803251566,0.430445347533817,0.259687669482877,1.18881100414443e-08,2262,238,0.631562050618749,47918,-18.5730881724671,811422.890043912,0.0978030235266908,43167,0.000766568356331982,23956
0.99999294540322,9.99483779006307,0.955477887832691,9.0783359893757,-0.632222189617925,0.424002432080624,0.264284265429828,2.14339231196536e-08,1971,374,12.6759570235834,48,0.686013736154671,731865.514980919,0.120164856641758,60116,0.0009904825205747,38320
0.99999254723542,9.99461485913869,0.948038168529212,8.9646941370388,-0.638105853616222,0.43232809324376,0.264069760889372,2.34033257737961e-08,9637,281,0.99667013753179,50104,12.1745023113363,615057.193343451,0.128401979630638,50101,0.00108571655612666,68663
0.99999630454139,9.99747836953888,0.908018708282517,8.51919350618781,-0.645509742292637,0.439455435847935,0.307000925168644,1.25168451424969e-08,9952,274,3.66418111188645,48,-0.04374667914885,688896.543952478,0.116265351879144,36026,0.00134225927810949,36036
0.999973378201023,9.99509451422556,0.912596575669544,8.57183788495037,-0.647552404978609,0.443449618719141,0.275105997985765,1.04576299472089e-08,3178,202,10.2142453460492,48,-12.4963862832539,755192.444611646,0.0860741573384509,28230,0.00081809905095109,28240
0.999996983755011,9.99809870106252,0.878880345473565,8.17011411600525,-0.65854391920873,0.463819741298769,0.32319068210551,9.01158333637582e-09,10776,126,1.52522862324831,48,1.27245204121808,708897.203492347,0.114732245850184,56970,0.000668393414289068,57018
0.999988950561354,9.99661575059373,0.945332287613984,9.0154205100321,-0.652153625269051,0.455425198626487,0.264997288059597,7.89630684018484e-09,6868,160,0.258597509568787,48,8.1537596483157,1267223.20788701,0.0954064469217625,24910,0.000526996521264602,26051
0.999996543880685,9.99767308352283,0.935703242929448,8.88720365639131,-0.643299570065242,0.436090135622284,0.266165276960978,7.6495052621558e-09,6576,177,0.313553409501503,48,-1.54260768335274,1140775.00383075,0.090817958676213,28713,0.000723913321600746,28731
0.999997059514391,9.99795132045578,0.872334806600012,8.03177446591159,-0.641524850396417,0.431522342720211,0.329789900833631,9.86545477237967e-09,20271,290,4.40234179882798,48,-7.00028585645771,556977.539607323,0.107462150450657,15807,0.00124259947804707,15817
0.999994713259402,9.99635953166874,0.927550365504464,8.75283692468891,-0.648754772297016,0.448480429771722,0.30419785862128,1.84025532883919e-08,3777,338,9.67385142671447,48,6.77987436696533,620180.526857899,0.107172505488557,62109,0.000697377588089119,9144
0.999994905753254,9.99658311705282,0.940913941303217,8.92435240949028,-0.635179562193217,0.424058718610591,0.282964054922642,1.45451502074342e-08,2347,286,3.13952496445229,48,14.2691114512917,806613.914857225,0.114461717915742,71589,0.000998136898312271,11360
0.999996856837492,9.99795002122776,0.911634250716811,8.57794224162216,-0.646390260238572,0.440030334775424,0.287079797859501,6.52590154467169e-09,10694,199,1.36631434852299,48,2.23350218193554,921559.998418462,0.0945853860710124,12583,0.000613886599140824,48848
0.999995449296542,9.99676970229634,0.936624357438491,8.84657078972771,-0.637578471607713,0.429212413068768,0.26643247219656,1.12770947556185e-08,16314,393,4.63106156491969,48,-2.22029729188979,788180.008244178,0.106330850288832,70331,0.00107194914873703,70341
0.999995769683716,9.99731320010341,0.932987162428303,8.83547681251151,-0.650688776393871,0.449381388054514,0.265334688721877,7.9760830932104e-09,3467,221,3.60054946580749,48,-14.4857839693543,990501.791727468,0.100176885552877,60561,0.000829658042661962,9594
0.999995371899438,9.99685159694878,0.932601256393547,8.80773789074367,-0.644561486869958,0.440577060913116,0.269152513794556,1.08069221069814e-08,8734,293,0.898089998306158,10641,0.757079764283623,801421.793346208,0.107012604704996,10640,0.000931802295453759,11964
0.999994535145565,9.99631949727827,0.940589582044129,8.90472224520513,-0.64255162795507,0.438092228045061,0.274523818052562,1.35253665246541e-08,10666,390,2.65492571201259,48,-1.59493120402025,785338.741570839,0.108102813718305,10099,0.000809615250803046,63693
0.999994114258524,9.99649471013564,0.94080022254343,8.91291521913133,-0.646949439123723,0.447253409354477,0.272979831769566,1.12492822793005e-08,16177,336,0.999905404708844,38185,-7.21959496047074,850385.069259594,0.103560838561332,10324,0.0010456047487297,10314
0.999994752221943,9.99662784067262,0.947594908866787,9.01586244259682,-0.640559149997106,0.434429629743086,0.277780678796121,1.38142748298656e-08,5779,239,1.08578905331921,48,2.14461744966443,974744.416594748,0.117797028873401,36958,0.000904396619818817,60554
0.999995789256891,9.99700507549005,0.937513081191271,8.86579572533398,-0.644216113357218,0.441015518874003,0.269464472993097,9.51545788293021e-09,8202,346,0.804167570465218,13036,6.09819199813368,891158.238908874,0.0970326875540698,43319,0.000701770865805619,16065
0.999993927813332,9.99742471505893,0.923246886235485,8.71727406166737,-0.653883070623262,0.456335264044237,0.272918689040037,7.3723699141999e-09,3923,284,5.09684889754842,48,0.628207986523979,952266.727031889,0.09294541739383,41211,0.000822376966444188,41201
0.999863164985633,9.98220280753118,0.899953135209822,8.34892435030401,-0.64778960363696,0.447625831908083,0.155469430487982,1.59145779066007e-08,1784,106,17.1273770788136,48,-56.5395368149105,410900.73481508,0.116065855429321,4035,0.000883938821074559,4065
0.999997631491154,9.99835322096129,0.929484781489574,8.84562996944224,-0.647557619630811,0.442934308707765,0.180515851552982,5.96585653968832e-09,2442,70,0.824271048046351,48,-5.11787230116258,1409755.43436383,0.085738501593126,6586,0.000549157505554951,6609
0.999991333842513,9.99589477520971,0.900779305400149,8.39861127489279,-0.647265613834089,0.442489363823751,0.218162751327161,1.62117261442678e-08,3585,60,0.400116618831723,48,24.1510426277911,441718.855524165,0.0988535796461021,3597,0.000621939088147422,8716
0.999988538491355,9.99673896521574,0.85056939514622,7.73449790611192,-0.646148773826574,0.439006017247226,0.25077115361166,1.08511091369935e-08,6685,56,2.26900184138805,48,6.8473036819811,400526.556089022,0.0906976917026929,4059,0.000789765915426384,4069
0.999994051564494,9.99781893859248,0.894903649723479,8.37299530207114,-0.651704762929211,0.450726866374416,0.26968609390814,8.95864491794821e-09,10813,82,6.30607736135717,48,-10.6236559139785,847363.300663139,0.102984890593893,8269,0.000447518922302092,157
0.999996592162146,9.99821371905255,0.881872285836265,8.24234622572591,-0.675437866079639,0.50563697288862,0.2434558787857,6.88403297563204e-09,3258,22,0.426439478958188,48,7.60162104920169,878674.176467559,0.103053606453153,7866,0.000507848466797189,9003
0.999826753673665,9.97702593387224,0.938344699142585,8.87435339763809,-0.646744278992495,0.448928767806064,0.18371365344255,2.52536119600556e-08,1769,88,0.580942535899419,48,-13.2117262178602,546960.182344855,0.103844467624859,2618,0.000663078939719073,7359
0.999880852165699,9.98505620196119,0.948325749393846,9.06086452971334,-0.647252756759264,0.445651983864135,0.147076094513834,5.45774211443915e-09,6713,50,1.7887121695606,48,-113.380616469867,1693680.26091045,0.0825255767792691,5347,0.00043442543126898,6482
0.999877236157476,9.98456132062639,0.947663784280976,9.06188585999189,-0.661627189074493,0.474189098019659,0.162994418387981,6.28748931981059e-09,1367,48,0.51300748487224,48,151.053621632674,1525509.45868269,0.0822595360198196,5364,0.00042594877743334,5176
0.999995129510237,9.99659002374648,0.926653637045361,8.71540082124005,-0.63681422467127,0.426690816065942,0.146837422988622,1.42852899501077e-08,2058,69,0.479814851563775,48,7.28803073392207,636494.780171569,0.106918192441923,2803,0.000346358780029794,8466
0.999997330659746,9.99815703140693,0.941143560620789,8.97758121729499,-0.649340720726261,0.447313025704679,0.159314137774356,5.21311670866138e-09,3745,61,0.724773326998756,48,-22.1125580002994,1568397.22552984,0.0774539733189706,8670,0.000479215333823414,8700
0.99999568528722,9.99754909348578,0.93712136575551,8.92047810409291,-0.643411342121524,0.436384288200829,0.193708705799694,7.54157820379666e-09,2092,43,0.0784023400137213,8617,10.2073541884947,1216962.29349545,0.0801334247228457,7758,0.000403956640750134,7898
0.999997998267024,9.99858914550845,0.893807951094932,8.34699491887307,-0.64687733373134,0.443215490093789,0.250954884253496,5.31301458894167e-09,9397,80,3.66615185275784,48,0.0257908779062381,969613.040086968,0.0960709118092754,15824,0.000382500814700793,15857
0.999996140561989,9.9973517268119,0.855517045050318,7.81167969770579,-0.64689365782277,0.441962584153725,0.272361805218418,1.638093595433e-08,7689,132,5.46816140809703,48,1.24838012958963,369904.454266347,0.122493062360294,5266,0.00126759460039178,5281
0.999995144651669,9.99673022020273,0.861050901260616,7.84624961559929,-0.631254384560616,0.413889315827067,0.287674916516833,1.72708182035352e-08,3419,86,2.0765554858012,48,-22.2763625968746,331117.366654033,0.105139133844953,14132,0.000898774966131411,26896
0.999996835258831,9.99774598535738,0.94031746719187,8.93923566043111,-0.64037286140203,0.436314457550484,0.201840141668836,8.78067957978674e-09,1866,142,8.0407862869167,48,1.37533326028998,1144468.90407961,0.0733783020634873,7915,0.000502717411013573,7925
0.999990912314726,9.9935497500043,0.910372949668283,8.48059486372492,-0.651246547971577,0.453547097162984,0.217242338956991,3.66167809717244e-08,4647,119,1.25827462502136,48,-2.29608122420657,285148.151375806,0.155620119184301,1422,0.00202763993028935,1442
0.999991179441877,9.9944917059693,0.927234673647453,8.76138996240224,-0.653853840001589,0.455688829287567,0.266939666523914,3.54581581765978e-08,2038,88,0.379815854346885,25250,21.2667177970125,430669.91231409,0.128608650351293,7344,0.000943336543952425,2190
0.999996797939775,9.99775069501182,0.946142097612318,9.01213955394828,-0.63092152091888,0.416485945699928,0.176854934035407,7.97502616050311e-09,1669,109,1.2718614784409,48,-6.08859987807356,1328099.94752285,0.093888387658372,11380,0.000826945794791374,11390
0.999992832993653,9.99480078589633,0.928381820784699,8.69811014495761,-0.635285155949581,0.426520981168991,0.146411317434799,1.85730991029999e-08,1179,115,0.756494967916868,3294,8.28400731558626,415350.103209105,0.111563396838706,3299,0.00076925732928073,10551
0.99999255526052,9.99539011899161,0.944811401993294,8.99772530222731,-0.639077042590149,0.430805057387728,0.24241364413382,2.37949745601649e-08,2604,73,1.0305977011931,48,40.6038203617151,675376.695986059,0.125089276058296,22378,0.000835023711814892,2415
0.999997457247849,9.99822233321559,0.920810955764796,8.71565808658685,-0.653655108991663,0.455653474326179,0.204659749196051,5.63306038512904e-09,6157,81,0.881862714965463,48,-16.6043780256788,1168661.90115116,0.0839926735641046,12583,0.000411496258692359,13725
0.999993239450427,9.99609862915608,0.89870696370258,8.3524495525749,-0.638048534112164,0.427915231481049,0.20035285974681,1.67645146789357e-08,5514,84,0.93744727775412,48,23.4170911387076,398242.202216929,0.106803689645349,11036,0.000447550089722148,5647
0.999996522155393,9.99819561737203,0.911894567958543,8.60368689417968,-0.646924337848392,0.438620203777671,0.19678532412299,4.31402371283896e-09,2147,28,0.83441075629137,48,-0.0970322037465797,1197119.18427805,0.0760421926313294,20534,0.00045591858860573,7961
0.99999629809077,9.99739727656452,0.939200829385565,8.89533734188325,-0.643605870021148,0.441093948203898,0.148691303904473,7.32794804616478e-09,8648,134,2.87992222554387,48,-4.67788291787303,1026887.95262617,0.0798338350234868,8826,0.000680156430561133,15268
0.999987681048839,9.99182086293959,0.92786870232941,8.68646624418601,-0.632246011197173,0.419863505812437,0.200395750439513,4.95332737726264e-08,4039,157,1.40834721199006,15014,7.64829461196243,272972.796781985,0.144123663007766,14837,0.00113303923517297,8276
0.999996030169336,9.99736939386857,0.941174518479925,8.92650758985874,-0.636744733487955,0.428457624641627,0.174022973160079,8.41782802520351e-09,7344,116,2.78326950812035,48,-9.62679189322788,1064603.89891565,0.0943984646396772,13699,0.0006304796664701,13724
0.999997254332695,9.99804246417547,0.93692339930722,8.87419743415456,-0.640431502989681,0.432626934138102,0.124828254806032,4.73210778148552e-09,1470,112,4.24883913396475,48,2.91601383862886,1340658.01386389,0.0917203096967374,9582,0.00078866744717843,9572
0.999991827356452,9.99415880565173,0.922580429103891,8.64599344877784,-0.646058086875302,0.441488650059212,0.187339380260411,2.87712678788492e-08,1276,122,0.784496761447034,1787,-0.226786495407007,365962.121674881,0.139350812816135,1792,0.00168460057335577,1808
0.99999473781622,9.99738476541194,0.936975888661407,8.93445334665119,-0.663583825227161,0.471913235388684,0.20515918879854,6.81394715237289e-09,2295,22,0.953517396645326,48,-46.1616892671094,1263529.20951927,0.0886956897186497,10266,0.000392903021714334,19770
0.999996579157021,9.99748194470089,0.940945737401535,8.93381256914763,-0.639169572103275,0.432186590139348,0.189356937025838,9.1443685687785e-09,4308,122,0.87533899802375,10641,-2.79208828133949,1101945.70058503,0.0951667834577781,11947,0.000856303536098952,11937
0.999996558897533,9.9974790737757,0.933956735074772,8.82803129329151,-0.645446651202598,0.443243498159957,0.152293861765534,6.37918592802183e-09,1778,88,0.216485775839899,14820,-0.907976631410134,1004413.89461676,0.0822187473441638,5415,0.000350906690403795,6694
0.999987045053851,9.99242252927388,0.920319552155573,8.61355930546309,-0.648745542533758,0.447831022332852,0.210247188287772,3.61214169512435e-08,1448,92,0.350967477633315,22240,5.96257970903815,297983.856397134,0.125302499293879,3207,0.00114845893452071,3235
0.999994962824285,9.99656808223907,0.944534318685813,8.96765513720366,-0.640040583478334,0.436299455948807,0.187688292433809,1.33669902669784e-08,3182,131,2.22967942775029,48,-2.17225383249375,879100.922596314,0.102175351671643,10097,0.000836915665109798,3765
0.999995810138096,9.99716732702018,0.94295257774775,8.94243992923225,-0.640595589171326,0.435124726186214,0.158351816206241,8.20159056214785e-09,6675,136,2.65352194833089,48,-3.06860435617729,1050699.08702275,0.0877042248041158,6685,0.000634593362554462,15131
0.999988368984223,9.99348496292228,0.933455128674103,8.78595641942347,-0.646813999088017,0.444922252488665,0.200652793620692,3.0939566258993e-08,6762,115,0.595464368366558,17135,0.462544848331098,426320.652636274,0.11670428045565,17345,0.00107837452980625,17325
0.999996194556529,9.99728585695046,0.944521113760305,8.97070234210145,-0.650739155020602,0.45579428106335,0.15487436372124,8.37605443968266e-09,12078,141,0.913166447417282,10112,1.74383596260063,1103471.82802383,0.0958625209236712,10307,0.000791199779182597,10289
0.999995501638656,9.99710798492674,0.941722059744797,8.93256166984442,-0.645701097261615,0.446013498140832,0.16609819524222,8.0082438834324e-09,4733,112,1.29715435377764,48,-9.80870726688567,1052696.32315307,0.0854767577351212,10706,0.000542311088518808,3892
0.999980811154627,9.99223776467585,0.935564485871975,8.82377790166104,-0.644525148391019,0.44198508700747,0.214859423320634,3.40269252250295e-08,2368,100,1.29006861404158,48,-13.5939135771272,394920.773102309,0.121732473301502,25551,0.00116377772784553,25569
0.999995206316155,9.99686599237691,0.947565813392132,9.01652870980096,-0.645299344709072,0.444251829727205,0.162650439941571,1.05468355365684e-08,6683,109,0.825442025343141,48,-18.9021866065316,1021463.88818506,0.0869715812716285,11211,0.00070366331593354,11221
0.999994127732614,9.99651064668891,0.947960842574841,9.0186034876521,-0.634732674435305,0.424886585790075,0.190421575159692,1.60549646174547e-08,1463,97,3.46770365322744,48,13.318286151492,963647.634514591,0.118473327079431,12125,0.000474412690170667,13259
0.999992048979131,9.99617580104351,0.947254502938482,9.01243320608076,-0.6416434618182,0.436118179212195,0.191043871726853,1.52982172208348e-08,2617,65,2.80068333192969,48,12.0311279346031,938569.456384515,0.103943242880574,10885,0.000987566763114724,10875
0.999995724708927,9.99695851579305,0.936888136231192,8.86093619944804,-0.64631619955762,0.445038115637328,0.180253895551929,1.00571840050345e-08,6395,104,0.439921794012744,13036,0.497620380739082,878257.004858726,0.0903800545574426,14150,0.00060783270771544,16095
0.999995507778616,9.99688922809274,0.935114500188523,8.82110148391181,-0.648656148418295,0.451643920847228,0.16096378062658,9.49593828202843e-09,6764,138,3.26555126965777,48,-2.98943169092945,811008.159818316,0.101714498405993,14743,0.000732476532144292,14720
0.999995585293325,9.99708840140255,0.940240985434852,8.90975007175309,-0.63775453490736,0.428514298215914,0.194003932359598,8.94933686973971e-09,6011,93,1.77288132184427,48,20.7892637178052,984003.527592182,0.0916358801497924,12913,0.000622953954635558,11770
0.999996191484047,9.99770591725776,0.921246162265521,8.68895193131754,-0.660058617601428,0.469823999387794,0.172877233523313,6.25090044097353e-09,5821,98,4.78832499608161,48,-7.48376189060642,954882.625205447,0.0886222754005744,14280,0.000466421490999433,6038
0.999995468368754,9.99761256997957,0.920577642537193,8.66837785798039,-0.643044185587722,0.435344583798811,0.169411772538697,6.70400729266595e-09,6713,78,2.37413978733752,48,-1.93961801426873,917822.964025096,0.0958215565581575,14293,0.000832113995038865,14283
0.999987854106292,9.99671062000007,0.927504949204189,8.78625849762296,-0.658327857410592,0.467282229472482,0.203536081612905,8.89877138768977e-09,6949,110,3.17032689820499,48,11.3080038644471,983978.90067095,0.0876045944437507,11196,0.000538222922909098,12262
0.999973777773225,9.9879438285045,0.481122422268635,3.65799663217122,-0.642728824216236,0.436661317221154,0.407278093830184,2.41410848011747e-07,896,93,2.33391282925913,11219,-0.614285268511873,14102.874155283,0.253461896619425,11208,0.00513370531445029,11222
0.999997062894894,9.99829760799854,0.660106090345027,5.55544872771524,-0.657593459133886,0.459066654711753,0.428953202688275,9.04147865812055e-09,28424,534,11.0288214649227,86049,0.803850634618922,207171.70456589,0.102820718276811,189476,0.000713525153118621,86077
0.999995451385853,9.99715703913829,0.756132212152373,6.63058253255048,-0.662678761768978,0.468789593976524,0.369627532608863,1.24650096987601e-08,14563,505,1.9664384760766,186704,0.00496414236150637,208321.952506436,0.128608769368129,186700,0.00116598369532129,156623
0.999997131437903,9.99845253342038,0.637344729800115,5.36505379019126,-0.65960869982465,0.462782899813361,0.438583043809953,7.57015670472286e-09,15422,398,12.6082582004702,48,1.72376704120174,217249.17397842,0.108131311260144,208242,0.000769418601205638,105438
0.999991349902749,9.99397468317445,0.868326419283348,7.93695082795145,-0.651475749122695,0.45021222626529,0.386349121147732,1.59342797879158e-07,3758,940,19.4702134831965,118308,0.27973807207006,195523.930591591,0.288852380987208,118287,0.0143452744426624,118295
0.99993283687924,9.99098322006404,0.667466364671842,5.65783610090307,-0.653232611492172,0.449249809935555,0.311462061802483,9.53341960296893e-09,7557,46,0.620775238773991,11643,-25.226230224358,198908.332891184,0.1013472446858,30986,0.000510620471200823,10564
0.999914722709086,9.98924978295412,0.695446027614693,6.058764000448,-0.678031188097399,0.505903534588328,0.315993686173844,7.50218284041747e-09,4805,64,0.224509960616948,48,-2.09298842325335,280064.821222443,0.0903230545635,4353,0.000505279850905353,5513
0.999813475606515,9.97617586774344,0.600053061884839,4.81075762445161,-0.641676733972774,0.43261472665112,0.334637006056755,2.8419561251901e-08,1949,67,0.598037684504325,7433,39.4631322744719,62126.1886098358,0.11674966244428,14953,0.00128126321252219,14963
0.999880979877358,9.98230606134529,0.518777876672992,3.95206975793082,-0.646462045524745,0.444288866261543,0.366928914474737,6.93564828275887e-08,2161,116,5.08711551156331,28383,28.7616010987933,28777.6588420436,0.102570274648551,28282,0.00105637502226506,28298
0.999979157743174,9.99611675447081,0.663513124209238,5.65168627650463,-0.675181658860838,0.494476189521046,0.326177910035259,1.00473743448237e-08,12237,63,0.709015256613964,48,-79.5659112462801,194521.409310806,0.105884691807464,23402,0.000586967666861512,23462
0.999995372194754,9.99839215286334,0.692546438605752,5.95430339717164,-0.661569126788734,0.465375778415279,0.30835905985159,5.87784863527239e-09,14776,77,2.40732228952877,48,37.6510677262173,319988.257534594,0.0949308271433256,24886,0.000822807970884443,24876
0.99999663674739,9.9983157521077,0.67935110003289,5.76400846476315,-0.656405202995652,0.456245476292588,0.31451227726675,7.56209367634666e-09,2904,89,1.6936318134515,48,7.96854050165146,243487.882586695,0.0794414917113581,13009,0.000457472001093231,20259
0.999995537482636,9.99795788426872,0.60659676716096,5.01894749808007,-0.671158110182701,0.499985288992339,0.314882230336426,9.81234601335387e-09,3247,81,2.42361167987752,7916,6.47457405408941,144045.316664971,0.115668458788419,7910,0.000862460066107404,7953
0.99999567371525,9.9976238851572,0.572518519965112,4.68524340578217,-0.665329873397938,0.478255108676152,0.322902253015713,1.09982040461601e-08,4979,79,1.7804253647484,48,0.0820497727198404,113001.79171748,0.0966809025840117,8534,0.000440602650030259,17973
0.99996369018893,9.9947543944276,0.742087617877049,6.51713271725692,-0.654749836057405,0.451870988839493,0.317280925172311,5.51549948705878e-09,5282,52,4.5551251094027,48,-13.4565551522287,362261.547944063,0.0777561472993337,6000,0.000356893768114889,26531
0.999949812727249,9.99333413800729,0.674564823935508,5.60286469401161,-0.625042764283034,0.402684798542033,0.303775131797686,8.61038678640124e-09,9986,55,2.25272532878377,48,18.5193106380196,242157.079578358,0.0780337789734443,20554,0.000381249321237987,20682
0.99999484854585,9.99713278824438,0.779195905940004,6.92116756108082,-0.661381353792175,0.468985682242364,0.265721846162213,1.16338986134103e-08,2151,63,0.414922514407552,11373,13.8550047513462,236716.117403581,0.0941350946317255,11374,0.000443287658163264,17809
0.999996249350855,9.99768389677474,0.758214627829369,6.64977642160952,-0.665706599639401,0.47595301832886,0.2199140541335,8.14837513752145e-09,3726,79,0.74066568923191,48,-10.6845898004435,247861.45252197,0.0911908696975128,7741,0.000818378341531204,7751
0.999995096740417,9.99697111040641,0.746009699115677,6.53983590400927,-0.671706562537385,0.487445908955303,0.252083050631914,1.55771603601955e-08,3149,67,2.97197855003794,48,-4.45236775419702,189893.795078139,0.114051500059491,9272,0.000406074938253673,9334
0.99999576467162,9.99737863765637,0.74311740926048,6.46722410698293,-0.662849475466016,0.473765420316302,0.228333344930686,1.06170574662782e-08,1934,77,1.92614853447022,48,-2.73768609439341,216129.321131277,0.0944294968369335,10807,0.000381715907717532,12054
0.999995983435607,9.99760358539057,0.751969608660617,6.54507387735408,-0.652367957236835,0.451238362613713,0.22186488338479,7.52779012297598e-09,4534,79,4.42438010827781,48,2.68850966107064,238275.097941221,0.0950558067681442,13409,0.000609193141917679,13372
0.999993959054873,9.99665595875276,0.751478425176776,6.58582841799409,-0.667972097467467,0.478003346415461,0.245527479917134,1.33772453892265e-08,2825,73,3.07609586937627,48,1.62987012987013,175536.391685844,0.102155131132933,11994,0.000419539468352782,11980
0.999994013652526,9.99643347484433,0.758705839625835,6.68312748538989,-0.662629325635523,0.468464328875678,0.278158306747478,2.0202652430948e-08,2497,51,0.486103142701854,48,-3.0387234716503,179464.395649513,0.127705062721121,5033,0.00142052317625836,5078
0.999994264928644,9.99668595230041,0.756890082791346,6.59570942015324,-0.656560724431814,0.457319876379206,0.265116365229716,1.85690537186515e-08,3373,62,1.77854453438374,48,2.78242793791574,182404.535555,0.137442259041911,9907,0.000773372582197288,3591
0.99993219453247,9.98998072331218,0.498540688633055,3.84552574306776,-0.642481086296722,0.43297122988129,0.356877157799469,3.11263968025282e-08,3610,74,16.265831562114,48,2.18005607282545,51479.973878446,0.102692035458632,1175,0.000607787582852467,24949
0.999968131680065,9.99531582748729,0.706565337189893,6.16126964263033,-0.657030679500473,0.455475600358813,0.331647369158132,5.0253844986891e-09,10166,42,0.123252082897236,25850,10.2618808625524,335597.07271061,0.0743991867203098,25927,0.000479576425218788,25909
0.999978756730946,9.99661941904724,0.674611615137124,5.78856727929485,-0.666133274309573,0.485903164179348,0.318865976142315,5.67805743073472e-09,7013,44,0.290256485417267,22465,-26.2242913017895,308292.639826669,0.0826667963264425,22248,0.000330854476634108,23529
0.999997466624968,9.99872072428118,0.687064090251162,5.82738703338898,-0.638829252163202,0.426473320301327,0.31918830384888,4.31927532329534e-09,12884,63,1.60210946639366,18572,11.7235817382576,312749.304760256,0.0759960034138366,18775,0.000370193557637259,17443
0.999994530493222,9.99774524790263,0.539217117942576,4.46989974401053,-0.688817998253776,0.536001907371061,0.329501787169648,1.58217067589357e-08,9837,63,2.10115197184076,15892,8.15319649717905,117166.700032964,0.127375056633957,15890,0.001077666833931,9916
0.999996112700549,9.9982322033168,0.569688691996096,4.69701297807387,-0.667243175442305,0.477648783225963,0.318525209651632,8.96972384178911e-09,7889,68,1.88843511837035,7142,-2.90294555397875,153669.26354653,0.0946412362547996,7134,0.000887620574550998,7211
0.999997296698447,9.99864586587468,0.654446467379747,5.54300392642341,-0.653734728245606,0.451313503518817,0.314367810339209,5.81837587264294e-09,10572,49,1.60979295268164,10564,-1.03990862206223,271695.851262907,0.0773149612755635,9473,0.000401797326529774,10718
0.999994061650902,9.99776859620897,0.645154145562121,5.46673173299519,-0.658845334805517,0.46349464406965,0.340755621680283,9.87742699530368e-09,2166,27,0.302108598481089,6005,11.6475719082067,186293.549033479,0.116770093574821,6003,0.000549252632488278,26093
0.999900014381721,9.93691009872852,0.850730117031607,7.5695530388181,-0.620228242720583,0.40056158668213,0.445524037942919,1.82162700084005e-06,314,218,28.3876657556381,48,-1.03113833588566,13154.3759566404,0.254593743237143,7984,0.00574713694128804,7974
0.999981198121926,9.9947773357092,0.862096568984761,7.88195139432788,-0.65582364245522,0.455422983241577,0.212556686837379,1.46742100539078e-08,4664,124,1.59669026869111,48,1.25654032669729,307490.006449899,0.106218408992468,8206,0.000835040688415028,8384
0.999971163839314,9.99239523439672,0.846824160707016,7.67625722319656,-0.66642614236518,0.4835877309238,0.232117511778607,2.08001839269993e-08,1876,135,1.36638071883408,48,16.4631827462991,200654.498915641,0.107602555932278,25519,0.00104596597092007,3692
0.9999924239606,9.99522861473615,0.892363181488925,8.27876513377773,-0.65011396107491,0.446709123303457,0.299247668602886,1.83893947287824e-07,3184,92,3.55554331079322,24277,2.51151735579377,332597.769512881,0.293386882582756,24257,0.0101490625162621,24267
0.999989624923743,9.99441199933768,0.857075617435748,7.79040880636886,-0.65598214403765,0.45899346159632,0.243798793095462,2.5132324136132e-08,2765,110,0.844306244266022,20917,-27.2076314446146,203348.649929318,0.120414609856863,21107,0.00126815583908432,21095
0.999959741995228,9.98702739568913,0.862689451246809,7.85421369926702,-0.642611195947792,0.433448842027658,0.320725442869476,1.195907533818e-07,1544,96,2.13818201310356,48,-1.7687595712098,105276.730050389,0.191084515702343,17931,0.00297374991146498,17948
0.999978651373004,9.9913753276077,0.886225511191318,8.19908238397534,-0.666529032880139,0.479274641776707,0.33945604944081,4.90595798255182e-07,6173,68,1.70896566486746,1013,22.6114407861154,212963.244703359,0.255699382814854,927,0.00482211535968929,944
0.999988970677456,9.99380619803982,0.866937740897217,7.8956705600459,-0.64458718455288,0.441234131617464,0.266373530259933,3.42895133178881e-08,2170,109,2.39844185209674,48,-10.6269142419602,187114.98558323,0.151421315456654,21336,0.0013933796986359,18635
0.999970350357606,9.99188350435467,0.676221105497106,5.50580429946018,-0.627979997674089,0.410601384981266,0.34712473131773,9.77585099766052e-08,2076,129,16.4665762813262,48,40.5818468547398,45785.5001961404,0.124780660402275,26765,0.00165991415785398,26775
0.999995385552579,9.99694518491423,0.799550277710121,7.10999942771623,-0.655236981716472,0.455827465192626,0.411829038998144,1.45347572732731e-08,9557,1610,7.75400836414389,495930,0.367099533989281,233608.821912636,0.123310949002462,236480,0.00117199721588973,415183
0.999968177552122,9.99465711475724,0.69546682588298,5.98551670182317,-0.66060033839761,0.465796933671171,0.296159088498224,1.38308435809746e-08,2155,78,0.978330393343487,1890,-12.0765726301034,185176.23514714,0.107826462027429,1886,0.000733535451919088,23203
0.999927572778234,9.990604067185,0.783446122129088,6.97310585668483,-0.654088555712211,0.452948917596904,0.309332579219119,5.59190676789308e-09,7850,40,3.02660723607735,48,76.656316803925,385799.46914204,0.0740588593555993,19892,0.000295519097951728,1171
0.999937721253031,9.99177665555985,0.779278469551581,6.99802172837517,-0.663269352791769,0.471876930024935,0.30728296802277,9.54844233097017e-09,6534,47,0.287844534564284,48,-80.8389346416681,413342.895203744,0.101257161778015,19702,0.00098234286631272,19712
0.999961944330936,9.99413516666451,0.618911454762312,5.25342980851361,-0.685728655465741,0.520426172225826,0.285356247430547,1.12632628024794e-08,5974,56,0.37238997607891,16301,29.4300332924479,161505.993343433,0.119439208227475,16293,0.000792265060303154,16344
0.999993502042953,9.99752227933388,0.647779276828826,5.46539200987417,-0.663251164834251,0.472455949005406,0.288639511599236,1.1110101543069e-08,5545,79,1.34065877491786,15008,-1.20721920448572,161698.58434544,0.0823142233544152,14854,0.000394767422310666,21429
0.99999685602975,9.99835417019327,0.758959068201772,6.70303740813731,-0.656897211387613,0.45834104773313,0.300155888689501,7.39301065787076e-09,11198,67,1.11963303578098,17258,-17.482810583494,353069.619657902,0.0829691697819691,17253,0.000364422933899934,11340
0.999994969231918,9.99748754283118,0.654416951942748,5.53352270819358,-0.671028441035191,0.4917932878405,0.298743906585741,1.50780255941445e-08,9985,81,1.35606011792542,15468,10.6186788154897,146132.540823021,0.123210420393414,15474,0.000507986331553876,10104
0.99999696351707,9.998350583607,0.775433839310699,6.90373401239236,-0.654368600202912,0.451944353894043,0.31182487133243,9.63286119800187e-09,10761,59,2.51579900552167,13458,-4.29745926055721,377372.957425028,0.0786251963595981,7893,0.000270966834118926,7882
0.999997297845445,9.99862243656064,0.83846800764848,7.69815823885298,-0.646178060430086,0.43822106421322,0.312379672469262,4.82042184427505e-09,12040,66,1.50252616261526,12851,-0.973366041703172,680649.259541547,0.069938147546536,11744,0.000448656592946955,7959
0.999774741092628,9.97376744756402,0.668785142446842,5.7561635271808,-0.677048744331886,0.496454633947807,0.315856506687068,1.1698185717432e-08,7936,63,0.300834841538624,28105,-11.0496232696688,185428.056975303,0.0912651194613768,28102,0.000801988186345055,2076
0.999889977503803,9.9867611056737,0.784657330013036,6.9963701620757,-0.645152710092007,0.437721928757723,0.300722195407745,4.79091633571152e-09,11825,79,3.86287306583281,48,-43.2393551778518,473309.809883087,0.0789272691544531,27458,0.000651699054434872,27448
0.999960015162517,9.99450692506713,0.763593219645451,6.78416914353366,-0.663762851379327,0.475846392103602,0.288906981382048,5.77162951381159e-09,13799,70,0.646058987688822,48,79.0677063255651,435038.313632557,0.0767161436085536,28446,0.000530834471578027,4819
0.999946577653756,9.99289101106339,0.729257090886313,6.42343344557646,-0.663705161000313,0.471376492799871,0.297326290879399,5.77209846342304e-09,12910,52,5.40428203344121,48,-27.3031364990363,373394.371201705,0.0801885197470771,19170,0.000461382899863576,1173
0.99996130879645,9.99460650367718,0.764727916395759,6.7531845240493,-0.645221772316093,0.435762255833253,0.304698829393137,6.57179737234584e-09,17128,77,1.75592352996873,24343,11.670159453303,381210.704476793,0.0853548240846626,24335,0.000481390236307709,25502
0.99995570851556,9.99339207229633,0.620338897813715,5.19714193377101,-0.65866256604355,0.463726739842922,0.297965195607889,1.18038941972386e-08,2739,48,4.31135986724753,48,7.63020851585772,155514.431624035,0.0978818019673337,16507,0.000495845371428496,16609
0.999995886071108,9.99802029279055,0.650785266056038,5.53744511450598,-0.671978582355935,0.490590337289641,0.290578051501591,9.40247073738435e-09,7103,53,1.89586792801153,18947,-5.17094795864728,186871.671693974,0.0987770700100179,18939,0.000875764389926166,13240
0.999993570660973,9.99717032642354,0.608957511022466,5.07414923394785,-0.663335702145006,0.47228478255097,0.314450319371628,2.07683875590121e-08,1728,61,0.992570723117808,11006,-1.94273698966182,115821.845883236,0.137809006457199,10989,0.00185773819287585,10999
0.999964551728565,9.9858303954003,0.597509405044953,4.68513529507679,-0.625260199833509,0.404796769847687,0.410548139919667,3.54360893276382e-07,2949,106,2.63465551316024,9484,-5.69031014543543,18025.5496695434,0.223448269833188,19393,0.00370400170262093,9447
0.999879926161472,9.98294388782815,0.797406844752553,6.90855689719373,-0.623078577950928,0.404004536163496,0.243241325485434,2.72114036743528e-08,6692,134,3.78762658756114,24834,-16.5262966200466,117867.57869291,0.130782356962439,25624,0.00176620051150928,25634
0.999968548813269,9.99465403202906,0.831431030859577,7.54996652600587,-0.658307732863207,0.459726467102045,0.250042231835884,7.75863940884445e-09,1948,75,0.441139057510766,48,99.264932983683,403008.409283463,0.0871100127154386,25929,0.000568639912685986,20371
0.999991359689007,9.99588429156272,0.75959413251941,6.66021102101535,-0.673734347613506,0.493919083851367,0.228808367725133,1.71082667098249e-08,6461,70,0.483206839837239,48,-143.387419871795,158373.478201232,0.100009635555371,27349,0.000443676980923443,25888
0.999859712773507,9.98178898158143,0.792323903200719,7.0152318389353,-0.656454314595634,0.458733841580848,0.254886966693221,1.66887562034878e-08,1573,91,1.8487222847192,48,93.2195877039627,191119.287310352,0.105450505694267,27231,0.000733456993014776,20896
0.999912322243555,9.98874980730811,0.828669321094465,7.49665827804348,-0.651953037423838,0.453034722723276,0.217935814476186,4.69949149915098e-09,2828,75,0.827768121267752,48,-4.58409819347319,471203.277866225,0.0754615303331914,25135,0.000508131722719699,25123
0.999806955003902,9.97518380923012,0.790404548405622,6.99963128152785,-0.660195001466435,0.467334205741222,0.260301732852318,2.07462346351736e-08,2170,83,4.69360539286071,48,-50.819747960373,165411.407136502,0.112119748417028,25724,0.00115006175587605,18084
0.999924194296888,9.98961008707903,0.810843568081309,7.22676186140367,-0.643250178265279,0.433684462961381,0.230623589523112,1.00708054768654e-08,2737,83,0.504695836877032,24039,28.5390078671329,295140.624520946,0.0986620860632179,22995,0.000335809789899244,24143
0.999924955898316,9.98832834280199,0.773029517043841,6.793899917722,-0.665261563068014,0.478237459033299,0.266097762911903,2.11189659840467e-08,2137,101,3.1859614031183,48,-9.35474941724942,148975.880194524,0.125915237575562,17016,0.000722040819803932,18091
0.999960961984548,9.99323690936252,0.810955214659996,7.24016651181415,-0.639870450514156,0.428338134605881,0.250120247697455,1.60438007769543e-08,12196,91,0.867051724104016,16487,1.21722027972028,269543.500072785,0.114797340788754,16829,0.000974858108601069,16501
0.999970729780016,9.99344714765811,0.778370378203611,6.88119321483248,-0.666361231375162,0.478477095537459,0.266188749385667,2.33170947733331e-08,2248,77,5.64813953031376,48,19.0893065268065,166798.73753489,0.125853917745138,23729,0.00103124947858272,23766
0.999992069488361,9.99623117862121,0.781411993603576,6.87352359936404,-0.649365934392419,0.443935622679516,0.247909432569859,1.72716721958931e-08,2532,93,1.07400152394471,12742,-0.0506628787878788,179014.906520776,0.104466650767677,20784,0.000675859297085119,12696
0.999993912469469,9.99632267997156,0.798995687293934,7.09133178354984,-0.658593578828978,0.466990540528283,0.260642160807753,1.76605397759587e-08,2318,84,4.23263364284042,48,-7.47188228438228,186214.048162197,0.114477655945723,10943,0.00119629356036893,10953
0.999991227828967,9.99586231506505,0.774217907456536,6.78247276508493,-0.654879471312885,0.455684270419235,0.261179619909664,2.04333914303041e-08,1564,88,1.18988244115443,9593,7.16775932400932,159409.165299601,0.13149300777175,9592,0.00119022851024117,21216
0.999992821468393,9.99624166111462,0.789539976637152,7.00074230159657,-0.654937443687173,0.453288124605344,0.265999096849809,2.05223838497513e-08,6448,90,0.504716144941485,16872,-11.4615748834499,193683.19786784,0.119292552117945,15591,0.00102349267006939,17085
0.999993901333744,9.99671437677454,0.798715735937046,7.0898150303596,-0.655108704992666,0.458447183955789,0.257240021325087,1.22524038546301e-08,1446,67,0.624202252203409,48,-1.7827432983683,223799.035332866,0.100407118666462,13909,0.000655349860862996,4911
0.999851271250727,9.98128427467843,0.833005741294375,7.54138050916359,-0.653946859840954,0.452552352974434,0.261045497050029,1.35718669436319e-08,3390,85,1.85074054977806,48,-23.7679195804196,335360.59272204,0.118459010723165,3325,0.000635104104391369,8933
0.999831993083656,9.97967312786729,0.814481107152637,7.29252017152434,-0.651810294616007,0.450859203155491,0.244707149936272,1.07466575305404e-08,3376,60,0.590914101243008,401,57.6005973193473,338360.078971056,0.0905985102379221,8091,0.000672656185363612,7924
0.999941954352915,9.99071096290747,0.789635686667373,7.02217455528226,-0.669833435071136,0.494253505993337,0.261075946762185,1.73215719578171e-08,5364,83,1.85063635387346,48,-92.2508377039627,194758.740319824,0.113297812783629,26933,0.000949836133593324,25452
0.999974518360198,9.99483276410134,0.799371560499742,7.1517524282286,-0.669238628436232,0.482287254980609,0.26057211084599,1.60982010251606e-08,1471,74,0.626773971918981,1708,40.7654428904429,284693.994079481,0.12856861426736,1689,0.00201760490893826,1699
0.99999251363296,9.99525945275776,0.794518346440934,6.96256073814959,-0.636616799568626,0.42585510918917,0.278374817323214,3.17513811873434e-08,2665,98,3.61429850789824,48,22.0504807692308,131491.508870277,0.103690505201163,739,0.000611784328399568,21875
0.999988525536396,9.99171123649233,0.9547157594685,8.34429633740917,-0.56921761444554,0.349901457283068,0.267168897168349,1.96807631658423e-07,7721,186,18.5419629432624,19465,-6.5679071192673,410237.720916218,0.29711254737155,19450,0.00996996460106325,19460
0.999994996569022,9.99671973064881,0.853307041444028,7.34989272153945,-0.628841046677591,0.415982336714171,0.331456697638327,3.84463226537634e-08,2861,116,3.52815517184819,16752,-3.8837305388097,312776.465784767,0.199726705840187,16872,0.00344996118540841,16886
0.999995003166384,9.99622765431897,0.990414630639624,9.46655581077568,-0.55011316683317,0.360364012088658,0.44743822812107,4.25583492450536e-07,31328,202,46.283273568254,112702,4.36377540841886,4744872.38389256,0.386636605226987,112690,0.0165256756932828,112700
0.999988909727063,9.99507869675185,0.827219433857509,7.12826934713019,-0.631320731820097,0.417934382237388,0.398475850031595,6.67148525304315e-08,4334,381,18.6165143312554,38994,11.0341247123534,167892.92081003,0.132764727199144,37989,0.00174290983092326,19011
0.999988801681099,9.99503966829279,0.858244345835037,7.55769693553631,-0.631945523380616,0.420508623135574,0.395913625518574,7.53206876409902e-08,20681,265,30.3878291690734,48,-19.006642323492,214830.785453098,0.181877642599731,16205,0.00315747215089112,34757
0.999992677882721,9.99551983464564,0.8128853607656,6.97140216867819,-0.628990556958254,0.413502968854783,0.386060538473856,4.56456155428927e-08,3954,194,3.55023188427176,25627,4.13632260882224,160646.492385608,0.174897013746198,25540,0.00351219758267669,25550
0.999991128521871,9.99718361379629,0.764503266712717,6.35909278099603,-0.633142586973547,0.419376898397608,0.339138592141788,1.54876036563311e-08,4781,143,4.90501528292081,21730,-10.7505413358503,250911.40714197,0.213211708222695,21717,0.00241909200020683,21701
0.999996425319426,9.99764888933525,0.860935201332717,7.75071697334721,-0.632333308542006,0.416648094695193,0.382426319319781,2.84286792186393e-08,11257,102,3.34969338908141,40884,2.71780073759185,491894.904273164,0.18835044726481,40872,0.00243220427472552,40884
0.999996520664262,9.9974832470027,0.966303860370738,9.30636466213794,-0.628083202220484,0.415603953261713,0.444644758276878,3.49093445159037e-07,8886,370,53.2889910515117,48642,-2.1124739094317,1833205.13280153,0.247200975416665,48733,0.00579495674235305,48743
0.999995669435043,9.99736137290822,0.842285851857616,7.4356052833645,-0.630125129538631,0.415090104361406,0.364739652926593,4.2725828648873e-08,6429,177,13.2996801463319,48,-2.73709038584207,331000.633903762,0.21552977344753,23034,0.00322040336595089,23054
0.999995368067948,9.99741253591239,0.772767665347766,6.57689742285538,-0.647380840019029,0.44547563365045,0.371839356479856,3.03298870051982e-08,11227,155,6.42625213602052,16163,2.50300397929725,235658.821850084,0.179422252230982,32741,0.00223274759050349,32732
0.999985900440367,9.98974565661901,0.966230050794122,8.64805491606048,-0.572789623209843,0.362258144593814,0.385811254796417,6.78486294049087e-06,5801,404,75.7638902847074,58431,1.47768394206246,450790.470647142,0.697785967959196,58430,0.106555441841575,58427
0.999987640123195,9.99120569747601,0.946509668652696,8.18362300717092,-0.579000877966136,0.3607254438199,0.36358818450905,6.53128308750797e-06,28515,369,145.801371602377,45662,0.49181870754856,316958.634137826,0.517770455756026,45716,0.0676283482454936,45714
0.99999592602383,9.99760273867245,0.854690682143815,7.66249432921621,-0.635723274837197,0.425026632486304,0.382086032478169,5.25057260906505e-08,7823,106,11.0137162845207,58037,1.27510576076772,416353.330528043,0.183803453659221,56492,0.0028954040299911,57313
0.999997019227698,9.99804265420386,0.914549749746507,8.51556038273638,-0.642090245355805,0.43655893881178,0.388668445947148,2.10655306595423e-08,11111,112,2.7457018846139,37894,7.89562111723132,978517.684541093,0.119288250120383,38659,0.000965133297966814,60833
0.999997200919443,9.9980750012265,0.849524163081976,7.63468975958272,-0.629348790671077,0.41276660734176,0.401924446844098,6.51457033674884e-08,30049,253,101.001996728427,49211,0.917658933826045,452132.167928828,0.385777832142924,49205,0.0154580168420285,49215
0.999991993874415,9.99473630873507,0.950953835953108,8.36532177285608,-0.592220581070489,0.379130434288327,0.325037059573357,4.94023302473135e-07,3392,200,47.1775392619925,10849,-9.93151038307752,648135.547088269,0.414250382145202,16802,0.0207233914680465,8866
0.999997153282326,9.99825909843777,0.757959040201933,6.5109920937463,-0.660033271625963,0.465464949487088,0.339975465202999,1.46626921281293e-08,4148,82,1.82352672004039,31598,-2.1067934229752,356297.986116492,0.186461202430835,31598,0.00140671890002555,31639
0.999989147806527,9.99221109708908,0.935779697011018,8.02753667091571,-0.612079646559753,0.408030515211194,0.263865893581572,4.69241549045598e-08,3105,227,0.764209669117379,38447,-0.174382091737464,355447.44554776,0.119424187402026,35276,0.00143109138678401,35286
0.999940657236085,9.99082568619882,0.781362482264007,6.56155867456986,-0.643380312878795,0.435704385003957,0.341562791464444,2.8477781766213e-08,4147,84,1.30815143841222,56786,-18.997871718222,221024.995446395,0.238230480954959,56776,0.0032672523891968,56792
0.999993464108735,9.99566645679678,0.862867780932611,7.60535440026799,-0.635761210724499,0.425932490471233,0.375894836097943,2.80023988551116e-07,3795,161,21.8489324497177,57501,-0.534035745136447,250143.697331066,0.304312554759985,57267,0.011576856857381,57277
0.999987525320927,9.99535361722599,0.865812277140346,7.67052523541986,-0.625592096359453,0.407448424472602,0.369241306133001,4.05625508264998e-07,4184,129,25.8662109596983,42564,-2.1224427480916,272865.299501877,0.358561472389515,43002,0.0117440526526988,42809
0.999988605637247,9.99198030661293,0.940442581086144,8.17324736706624,-0.595448409262362,0.382801778608166,0.38776696304201,6.38696011315548e-06,5605,623,198.857551997227,64683,-2.49254950585318,316338.429051231,0.451959551949998,84520,0.0423294902380509,64677
0.999996840479466,9.99812465834537,0.840909952801976,7.42596947803845,-0.651452283457673,0.452912715003821,0.345484557627069,6.38318191538462e-09,3193,122,1.81657491237569,48,-4.91655029614292,537997.383999111,0.0848008690001656,19507,0.000530031490926407,14391
0.999966776248329,9.99441232643294,0.785315969003069,6.6224084058043,-0.653882303189703,0.458110846168194,0.327394539468131,2.06992319635869e-08,5723,114,1.96285513161314,49435,0.714509190457567,314134.038730253,0.21481716854408,49427,0.00256680945968612,49414
0.999990043929209,9.99322444423842,0.963354205009277,8.39642158714555,-0.560603439120789,0.350566152430281,0.30898765588249,1.70440533690346e-06,4446,425,57.9566996228048,43225,8.04766280153225,677438.806039241,0.80941191450936,43222,0.0623262527121554,43232
0.999990043929209,9.99322444423842,0.963354205009277,8.39642158714555,-0.560603439120789,0.350566152430281,0.30898765588249,1.70440533690346e-06,4446,425,57.9566996228048,43225,8.04766280153225,677438.806039241,0.80941191450936,43222,0.0623262527121554,43232
0.999997226068082,9.99845070773858,0.772216860040227,6.76859319674846,-0.661245722519394,0.470320871596831,0.359068952770548,6.34165255995856e-09,6140,60,0.310257179225388,12256,0.760537378906964,451834.36414119,0.0766156693346884,28614,0.000581456929956142,28624
0.999993234455734,9.99508381960541,0.970894199829289,8.69100731700714,-0.568984465863413,0.366326715968472,0.31295401877627,1.35685943897809e-06,2557,279,37.9756466908291,27323,-4.69222808651558,1189178.5465636,0.487668607866814,27302,0.0461746286429839,27309
0.999995737828036,9.99841593224843,0.82652951053007,7.2945529117991,-0.635947368421074,0.423042506925238,0.253682990785014,6.91023295008471e-09,5692,45,1.30373908916687,1610,-22.3181575433912,619368.674996297,0.126175382532442,1552,0.0015486737362133,1545
0.9999844302493,9.99186611267566,0.759504050005898,6.26894347848754,-0.64192505367042,0.438423578856902,0.361151726006566,4.72791894402708e-07,3145,67,9.33725795405539,16163,-0.190621098626717,63894.6621132733,0.206113023645539,13607,0.00569705041190746,13765
0.999994044935962,9.9964441439455,0.777801148974039,6.41111806476116,-0.625791227554906,0.408466240885818,0.281706425342435,6.26029592953237e-08,5109,67,2.07421018113884,7497,-5.09893882646692,161253.257738327,0.179299157049199,7116,0.00450251024151481,7106
0.999996815381254,9.99842473714082,0.778214348488206,6.94155497653788,-0.669264990618859,0.485494804857167,0.326108714424852,6.34937955678371e-09,3254,27,0.11808273031881,4548,12.8016541822722,481693.382841474,0.0677193089691859,4548,0.000464772375441695,4538
0.999990611156314,9.99395947475393,0.942594456122396,8.27499761654527,-0.603570786112445,0.39449872366214,0.276424631969716,2.13856882756719e-07,13790,172,52.3145180145211,16746,7.96993648043886,432184.538995813,0.192574639046556,13779,0.00163484690404994,13799
0.999921385000097,9.9874361286041,0.927583097299914,8.15767594944176,-0.614017323527476,0.402217652825524,0.281101410584194,4.61285714073484e-08,5015,101,4.0182962355459,12322,-26.3457124296232,448371.726257647,0.10528584999244,11740,0.000945544802956507,11826
0.999910145240552,9.97343109680485,0.98236559454429,8.87630930558349,-0.502860797503502,0.310057875355364,0.366935373408174,1.85274824217238e-05,1977,129,88.4741272469168,8961,22.8088277753717,470576.332203427,0.553968260938152,3104,0.102313876823016,3010
0.99997797213971,9.9936311581712,0.922912778436838,8.12667625100605,-0.615516707950678,0.403042214195119,0.294160511906353,3.76513496092556e-08,6689,128,5.36015504193088,11392,34.2424819703361,414178.816111189,0.103174919375078,27235,0.00100399469301129,27245
0.999976489960173,9.98867954577861,0.96855915927452,8.38189630675283,-0.530707142808541,0.321112228540515,0.298543091447751,6.96059614789587e-06,4237,94,50.5712684194592,16270,-32.0957273098381,525830.096840388,0.629946076243537,16326,0.0561636631716209,16260
0.999795317823257,9.88110024453858,0.879415172443428,7.31824769997676,-0.598699329438526,0.374858806059157,0.49251144162745,0.000147599748344743,685,151,37.2308230450838,24580,-0.675976323309294,8696.20032912003,0.666999666553531,24697,0.0605628489149534,24687
0.999974967205536,9.99463982713102,0.783021925781486,6.68762431731006,-0.636997709764802,0.426919471655523,0.307076686196977,4.76199404006257e-08,3605,52,3.38085445887234,17432,18.1933560477002,196858.401301738,0.163628761700691,16328,0.00126910170803631,16509
0.999990049096864,9.99799895659006,0.767248040452281,6.79673897399828,-0.642542154467884,0.434607575694447,0.313038426062415,4.52719187430534e-09,4415,20,0.265564164363044,18284,-18.9870954003407,519973.447382336,0.0711421165442853,13210,0.000315828092855423,18154
0.999991313640579,9.99631817652252,0.915826752498792,8.41543654931038,-0.627357733589414,0.41519752098892,0.325222826576986,8.40728922395836e-08,6469,52,16.3507550037649,11067,4.63547700170358,531586.606969955,0.162666331982688,9531,0.00232294122585793,9523
0.99999591969377,9.9984528657189,0.874518874429187,8.1300410862175,-0.640717182891033,0.440304115079158,0.329272436484818,7.59184992216901e-09,9944,34,0.573693209498755,48,20.3570512336829,879085.640100632,0.0637801580400601,14769,0.000434605615343485,14779
0.999994853526015,9.99779505783163,0.87995050022709,7.97254490793397,-0.639634225910727,0.43013030417195,0.290833507502404,1.88631049506423e-08,3147,42,2.0284853441024,11390,-9.75164113785558,663522.499681321,0.144861901052588,12153,0.00134467515819093,12163
0.999996164996636,9.99761868980082,0.944097457277258,8.89844677367356,-0.645368915812032,0.444236491460402,0.335405121710211,2.31469409392959e-08,4719,48,1.27095933888419,9718,13.0814532558666,1392525.12571751,0.0964363450173123,7264,0.000480853083103246,7278
0.999998019901057,9.99864285600596,0.843969852050728,7.67289873281514,-0.635770109552253,0.423183359118625,0.344139804564105,1.04135746935802e-08,3935,76,25.6575329576839,48,-1.03192362964484,647191.42931935,0.078932770507024,21163,0.000574808463552051,19820
0.999981343231238,9.98763534629186,0.871881255316662,7.68213384481364,-0.615554842266818,0.394239589896711,0.419575956979654,4.94382103974505e-06,1773,116,59.918109430322,10243,1.09092075549169,79750.604585104,0.514515689131,10240,0.076891928402047,10241
0.999998097591469,9.99878442522309,0.827745980803117,7.53395503017315,-0.635591520096239,0.421029965315029,0.350251002302105,1.00105156208785e-08,19951,66,10.5453416036457,12987,2.69397967563129,629470.689396335,0.0616341062761106,14338,0.000321698854944618,14319
0.999986399686847,9.99182463691389,0.96844691863675,8.5611585446108,-0.572230710950657,0.372871128104903,0.28007465697021,1.06854856109688e-06,2030,63,17.7080108444135,10849,-41.6162329495985,737332.958312398,0.431825119583319,8861,0.0183752504550833,8871
0.999995539030474,9.99726297688039,0.946096533095065,8.4594256295001,-0.610509321945696,0.401186350595596,0.205265834301191,2.3763884676295e-08,3006,71,0.95472335947338,6927,31.57115217181,1191036.41231729,0.141659912798056,2062,0.00208875039591572,2055
0.999803951981851,9.90978306184354,0.877819754521226,7.17658723983514,-0.59538297652621,0.369419522694304,0.414871539543745,1.03686060079072e-05,352,112,5.91018746500406,5251,-19.7624552578117,13337.7080451686,0.753318528247268,5236,0.0416621638362421,5224
0.999993224973748,9.99659437038052,0.699319144812627,5.75037933592235,-0.654901273148571,0.463671133323881,0.286856218757207,2.32762189440091e-08,3828,32,0.48125233191751,13867,-22.7762179558318,140093.491620167,0.133853196256515,13864,0.000952459188433316,7149
0.999925462892546,9.99077973984921,0.808837047422595,7.21540384153645,-0.677859856965382,0.498965770453797,0.259211263861121,1.08912303447334e-08,2131,19,0.186099995901366,13575,35.7273332593497,629986.584546662,0.14022631250989,13576,0.000701231863507962,13546
0.999829088426712,9.97950012375325,0.716935614654335,5.87332446138468,-0.642305481542572,0.434403643318391,0.229310422693036,8.00594254598381e-09,2198,43,36.758990488162,48,-19.2676728443014,296719.671091845,0.0789396662897111,1282,0.00016416542567558,1219
0.999989214831634,9.99256999434697,0.940629899808021,8.09637567796311,-0.609029158199555,0.40812169231639,0.122539496256959,4.35652048469441e-08,1912,86,0.465858475790023,7367,16.2484540253135,388209.021783385,0.107693553707554,7158,0.000943964552580725,7254
0.99998786033583,9.99206106359447,0.933077978737975,8.00151376569675,-0.616859559937355,0.414693331490527,0.118712104772465,4.59397699420964e-08,1449,63,1.69740055742111,48,-14.5853320233486,360551.532756749,0.115911243914836,7077,0.00133822756572644,7087
0.999987968517588,9.99164094316823,0.933302148089277,7.97256115409291,-0.609918673153564,0.402797168247015,0.097725718044397,5.22516767050254e-08,1974,80,0.549652835620426,3841,-2.18626827717737,317141.409008054,0.115599115971157,5296,0.00130527122538275,671
0.999804008649473,9.97641088257784,0.683121814681947,5.3512228562448,-0.632886325516305,0.421198488692976,0.211392195862893,9.14951333494818e-09,3053,38,1.31452103413143,48,-38.0238826339133,164728.578587325,0.0756404144859575,16324,0.000395532797735007,16386
0.999983579534588,9.99550215841605,0.707739916094341,5.8141666788365,-0.653848037166871,0.451343431679321,0.274488825399224,1.43515587234119e-08,2629,21,0.0687452323659653,19740,19.5690403080372,162699.644543501,0.0862751934756988,16321,0.000592844291861784,10371
0.999980614659334,9.99492765146252,0.858472071788498,7.49693220115749,-0.641844721529497,0.435513795185525,0.268027686152364,3.03818295983748e-08,1260,35,0.344770315462836,15752,-38.5183018959887,333439.933143775,0.193958678989257,15742,0.00183457996903585,15757
0.999989289260769,9.99675589498335,0.813335131600764,7.12675262459415,-0.644905426961602,0.440776419724674,0.328893066057761,1.21314497348289e-08,2472,83,1.68564287476705,10484,87.6408365879476,287523.458527962,0.0897033029622532,10464,0.000962085749936541,10474
0.999984386040528,9.99340824804605,0.793186483932901,6.6707601973893,-0.635400255683944,0.424231114447511,0.33217180799988,3.61419342407002e-07,3014,45,4.98931273757874,2567,-86.4755995181954,112872.138594623,0.39706577313659,2561,0.0152507865122609,2551
0.999991471051224,9.99439603770423,0.910866074596297,8.19772283682899,-0.6280533965499,0.416171127740675,0.290253882143899,4.12267737072311e-07,2247,23,5.07009555993909,2706,-2.76493776690879,334905.150321186,0.235005483060497,2469,0.00727068212165046,2479
0.999987354778132,9.99560823879076,0.684747891800232,5.47808770459526,-0.6314329593838,0.418654177363835,0.302237033407612,2.82481860356129e-08,1473,49,1.41566196994235,22359,-83.5226932045303,96408.6156832065,0.108857605433896,22315,0.00130048312476306,22325
0.999988307203528,9.99489054363904,0.934290392533162,8.55000821828306,-0.621098265895906,0.407693766450908,0.294761682886048,3.10152843105167e-07,6047,40,5.64288169385271,18481,82.2919303797468,532354.634698157,0.25670673182685,18986,0.00729087920035485,18543
0.999961734805512,9.99379276929664,0.697875870156012,5.79134449545896,-0.625126894555595,0.407096893102647,0.314490877422509,1.52370234914963e-08,2851,42,2.5337431413864,48,-5.10834443704197,176104.589218729,0.11080710694437,11322,0.00125581937720471,11332
0.999924447925545,9.95017561866015,0.901858894620413,7.48876315363886,-0.595809041909381,0.3742811216149,0.39815526607253,1.42290061248825e-05,765,208,22.9733783184619,25062,1.72335397474891,28952.7510145362,1.00966718535835,25052,0.171404168803535,25005
0.999989943400773,9.99289179294537,0.964922859411697,8.54928263598552,-0.576351020866346,0.373408238749368,0.318794496007322,4.34448300167735e-06,3389,194,149.996298413259,18985,0.830988380998228,661446.329596373,0.60642313673583,18976,0.0795448934003219,18981
0.999989692675211,9.99404067187012,0.904171811698717,7.73788101134852,-0.616069477824014,0.405661555538387,0.29314210875205,4.75829325430153e-08,10572,215,6.17583514721412,26412,-10.0316404455045,258557.048233003,0.102264559760105,44436,0.000603348472091999,37062
0.999988404900622,9.99655994843006,0.85543886206688,7.54738590851873,-0.63728794517464,0.432940177779183,0.286776176310874,1.26697697590129e-08,4387,30,1.8596772955071,48,115.412433187268,403558.490923133,0.097912274652874,19507,0.00072381081446664,19551
0.999986548477329,9.99738731454807,0.83358342556245,7.34002760251879,-0.656217707376907,0.461322810843425,0.237098800537291,2.8566174214675e-09,2464,25,0.946704514806545,48,-108.405547262484,717141.716097514,0.061168420564317,5939,0.00019187281524882,5949
0.999995967443529,9.99790201281758,0.832643680072205,7.36497201130859,-0.659680017051607,0.469114438739545,0.277591894026725,9.12993520420452e-09,2235,41,0.404752999159049,6981,-21.7565368132133,467869.911636821,0.0833320944080923,3364,0.000501183946769606,3389
0.999884837432245,9.98536009101035,0.803525128422911,6.95973917844526,-0.649731413750494,0.4471172148333,0.295594581854288,1.42355303578316e-08,2818,32,0.447683131899282,48,112.828092735123,339530.726958449,0.108976833254018,19768,0.000805327210832368,19842
0.999990809068003,9.99724374072869,0.677112618365018,5.44581921324276,-0.667280014517688,0.483033992341669,0.206026541491019,6.10089046434104e-09,2120,31,0.888482725386163,48,-98.7567580251549,231806.12992335,0.0820416974641798,15192,0.000335337695163787,15179
0.999996053791612,9.99742599501575,0.835374029213615,7.08521791121236,-0.641935133962497,0.443894514788677,0.209336862939877,3.36563483437479e-08,4003,53,2.93395860566256,6819,-11.9261779613291,348484.59505693,0.203955158730428,6811,0.00231379588555558,6798
0.999994600703854,9.99636949720632,0.951925664330166,8.34180484385642,-0.585605704938771,0.370592480773162,0.202254689276087,1.38103612057124e-08,14064,133,2.0364981637627,48,17.56652560469,918827.466503272,0.0877362385443796,17361,0.000409712997575279,17162
0.999987500661328,9.99194283703409,0.976298122837146,8.57306701993143,-0.523350719445743,0.332944389846994,0.256015856734098,2.51399779852415e-06,4533,124,46.2218908376374,17477,125.852234344062,981351.190464509,0.666342487779084,17464,0.0434166578722155,17474
0.999958140191628,9.97405689818098,0.939738655664289,7.92273028570364,-0.577798150439727,0.360059603361986,0.172886452379632,4.17892187825469e-07,504,178,2.38801475380226,48,-119.263889428117,102035.102241945,0.196600601281922,197,0.00291664332627729,7824
0.999994600703854,9.99636949720632,0.951925664330166,8.34180484385642,-0.585605704938771,0.370592480773162,0.202254689276087,1.38103612057124e-08,14064,133,2.0364981637627,48,17.56652560469,918827.466503272,0.0877362385443796,17361,0.000409712997575279,17162
0.999987500661328,9.99194283703409,0.976298122837146,8.57306701993143,-0.523350719445743,0.332944389846994,0.256015856734098,2.51399779852415e-06,4533,124,46.2218908376374,17477,125.852234344062,981351.190464509,0.666342487779084,17464,0.0434166578722155,17474
0.999958140191628,9.97405689818098,0.939738655664289,7.92273028570364,-0.577798150439727,0.360059603361986,0.172886452379632,4.17892187825469e-07,504,178,2.38801475380226,48,-119.263889428117,102035.102241945,0.196600601281922,197,0.00291664332627729,7824
0.999996411056038,9.99853023073331,0.81694226106203,7.32558752560131,-0.644812935205979,0.435289575627897,0.281752564454778,4.58291698037836e-09,6059,31,0.126027958150016,12256,-19.4329896907216,668193.332005126,0.0522368290938284,13622,0.000134425499207964,9723
0.999991796966391,9.9976570524106,0.777463787734435,6.83122506969377,-0.658475073313732,0.463419891469728,0.286126605793016,8.71526128212379e-09,2427,20,0.248603360423961,10386,-1.25970607589384,396828.72936836,0.0803246725209972,10377,0.00066975437539722,10387
0.999990189700076,9.99754512013592,0.693672654488181,5.84665270183006,-0.679430701457128,0.522303581079659,0.246653851076569,5.13074417845591e-09,5625,23,0.169563796553447,6913,22.9848102654091,289670.70988716,0.0797085667986691,3337,0.000516448487519765,6912
0.999989315773441,9.9965427685114,0.955908234441643,8.50995155454386,-0.603110326406003,0.39687594224755,0.206049178567985,8.85008921985746e-09,6478,42,0.227666627876332,10047,-152.926213391286,1489245.47719431,0.0734217725002768,11202,0.000230392582260864,6775
0.999982813707262,9.98984240385974,0.983285639473528,8.864456179687,-0.505279855397111,0.327043760596488,0.272781827835395,5.51545037087304e-06,2418,119,99.7640952504408,7989,148.043361274966,1022229.2881585,0.412737780834899,8087,0.0384151257663612,7980
0.999994517961475,9.99641121596321,0.953921995027102,8.42520692405794,-0.595340632823848,0.387726229230336,0.185745319342084,1.53488096849017e-08,4441,113,0.836161582671947,48,-9.19383214322674,1010859.86152161,0.0938915520642349,9421,0.000889495754833998,9411
